Preprocessing,No Preprocessing,No Preprocessing,No Preprocessing,Normalize,Normalize,Normalize,Transform,Transform,Transform,PCA,PCA,PCA,T+N,T+N,T+N,T+N+PCA,T+N+PCA,T+N+PCA
Clusters,c=3,c=4,c=5,c=3,c=4,c=5,c=3,c=4,c=5,c=3,c=4,c=5,c=3,c=4,c=5,c=3,c=4,c=5
Silhouette,0.5011761635067206,0.5011761635067206,0.5011761635067206,0.5751523493085067,0.5751523493085067,0.5751523493085067,0.5011761635067206,0.5011761635067206,0.5011761635067206,0.5313081506004008,0.5313081506004008,0.5313081506004008,0.5751523493085067,0.5751523493085067,0.5751523493085067,0.6091023941556493,0.6091023941556493,0.6091023941556493
Calinski-Harabasz,481.78070899745234,481.78070899745234,481.78070899745234,1441.9426978067797,1441.9426978067797,1441.9426978067797,481.78070899745234,481.78070899745234,481.78070899745234,563.922797678143,563.922797678143,563.922797678143,1441.9426978067797,1441.9426978067797,1441.9426978067797,1771.0540887273733,1771.0540887273733,1771.0540887273733
Davies-Bouldin,0.7483456326731005,0.7483456326731005,0.7483456326731005,0.6470145435995206,0.6470145435995206,0.6470145435995206,0.7483456326731005,0.7483456326731005,0.7483456326731005,0.6721186915685715,0.6721186915685715,0.6721186915685715,0.6470145435995206,0.6470145435995206,0.6470145435995206,0.5753572998241323,0.5753572998241323,0.5753572998241323
