Preprocessing,No Preprocessing,No Preprocessing,No Preprocessing,Normalize,Normalize,Normalize,Transform,Transform,Transform,PCA,PCA,PCA,T+N,T+N,T+N,T+N+PCA,T+N+PCA,T+N+PCA
Clusters,c=3,c=4,c=5,c=3,c=4,c=5,c=3,c=4,c=5,c=3,c=4,c=5,c=3,c=4,c=5,c=3,c=4,c=5
Silhouette,0.6867350732769777,0.6867350732769777,0.6867350732769777,0.8192435078941299,0.8192435078941299,0.8192435078941299,0.6867350732769777,0.6867350732769777,0.6867350732769777,0.7112353733227553,0.7112353733227553,0.7112353733227553,0.8192435078941299,0.8192435078941299,0.8192435078941299,0.8338554594825396,0.8338554594825396,0.8338554594825396
Calinski-Harabasz,502.82156350235897,502.82156350235897,502.82156350235897,1633.998495928731,1633.998495928731,1633.998495928731,502.82156350235897,502.82156350235897,502.82156350235897,557.4610324586056,557.4610324586056,557.4610324586056,1633.998495928731,1633.998495928731,1633.998495928731,1857.6575799771335,1857.6575799771335,1857.6575799771335
Davies-Bouldin,0.38275284210068616,0.38275284210068616,0.38275284210068616,0.24068908435106223,0.24068908435106223,0.24068908435106223,0.38275284210068616,0.38275284210068616,0.38275284210068616,0.34936294249754146,0.34936294249754146,0.34936294249754146,0.24068908435106223,0.24068908435106223,0.24068908435106223,0.219953799628789,0.219953799628789,0.219953799628789
