Preprocessing,No Preprocessing,No Preprocessing,No Preprocessing,Normalize,Normalize,Normalize,Transform,Transform,Transform,PCA,PCA,PCA,T+N,T+N,T+N,T+N+PCA,T+N+PCA,T+N+PCA
Clusters,c=3,c=4,c=5,c=3,c=4,c=5,c=3,c=4,c=5,c=3,c=4,c=5,c=3,c=4,c=5,c=3,c=4,c=5
Silhouette,0.35745369258527165,0.35745369258527165,0.35745369258527165,0.3052969131007423,0.3052969131007423,0.3052969131007423,0.35745369258527165,0.35745369258527165,0.35745369258527165,0.45285311347101753,0.45285311347101753,0.45285311347101753,0.3052969131007423,0.3052969131007423,0.3052969131007423,0.34540371986921437,0.34540371986921437,0.34540371986921437
Calinski-Harabasz,437.6032109356821,437.6032109356821,437.6032109356821,792.9178744768882,792.9178744768882,792.9178744768882,437.6032109356821,437.6032109356821,437.6032109356821,733.3690702858188,733.3690702858188,733.3690702858188,792.9178744768882,792.9178744768882,792.9178744768882,1138.4142263336855,1138.4142263336855,1138.4142263336855
Davies-Bouldin,0.9227907767459385,0.9227907767459385,0.9227907767459385,1.0672023174841174,1.0672023174841174,1.0672023174841174,0.9227907767459385,0.9227907767459385,0.9227907767459385,0.6946731898771722,0.6946731898771722,0.6946731898771722,1.0672023174841174,1.0672023174841174,1.0672023174841174,0.9040026437412586,0.9040026437412586,0.9040026437412586
